-- MySQL dump 10.13  Distrib 5.7.12, for Win64 (x86_64)
--
-- Host: 127.0.0.1    Database: introse
-- ------------------------------------------------------
-- Server version	5.7.16-log

/*!40101 SET @OLD_CHARACTER_SET_CLIENT=@@CHARACTER_SET_CLIENT */;
/*!40101 SET @OLD_CHARACTER_SET_RESULTS=@@CHARACTER_SET_RESULTS */;
/*!40101 SET @OLD_COLLATION_CONNECTION=@@COLLATION_CONNECTION */;
/*!40101 SET NAMES utf8 */;
/*!40103 SET @OLD_TIME_ZONE=@@TIME_ZONE */;
/*!40103 SET TIME_ZONE='+00:00' */;
/*!40014 SET @OLD_UNIQUE_CHECKS=@@UNIQUE_CHECKS, UNIQUE_CHECKS=0 */;
/*!40014 SET @OLD_FOREIGN_KEY_CHECKS=@@FOREIGN_KEY_CHECKS, FOREIGN_KEY_CHECKS=0 */;
/*!40101 SET @OLD_SQL_MODE=@@SQL_MODE, SQL_MODE='NO_AUTO_VALUE_ON_ZERO' */;
/*!40111 SET @OLD_SQL_NOTES=@@SQL_NOTES, SQL_NOTES=0 */;

--
-- Table structure for table `academicyear`
--

DROP TABLE IF EXISTS `academicyear`;
/*!40101 SET @saved_cs_client     = @@character_set_client */;
/*!40101 SET character_set_client = utf8 */;
CREATE TABLE `academicyear` (
  `yearid` int(11) NOT NULL AUTO_INCREMENT,
  `yearname` varchar(45) NOT NULL,
  PRIMARY KEY (`yearid`)
) ENGINE=InnoDB AUTO_INCREMENT=3 DEFAULT CHARSET=utf8;
/*!40101 SET character_set_client = @saved_cs_client */;

--
-- Dumping data for table `academicyear`
--

LOCK TABLES `academicyear` WRITE;
/*!40000 ALTER TABLE `academicyear` DISABLE KEYS */;
INSERT INTO `academicyear` VALUES (1,'2016'),(2,'2015');
/*!40000 ALTER TABLE `academicyear` ENABLE KEYS */;
UNLOCK TABLES;

--
-- Table structure for table `account`
--

DROP TABLE IF EXISTS `account`;
/*!40101 SET @saved_cs_client     = @@character_set_client */;
/*!40101 SET character_set_client = utf8 */;
CREATE TABLE `account` (
  `id` int(11) NOT NULL AUTO_INCREMENT,
  `encodername` varchar(45) NOT NULL,
  `password` varchar(45) NOT NULL,
  `accounttype` varchar(45) NOT NULL,
  PRIMARY KEY (`id`)
) ENGINE=InnoDB AUTO_INCREMENT=103 DEFAULT CHARSET=utf8;
/*!40101 SET character_set_client = @saved_cs_client */;

--
-- Dumping data for table `account`
--

LOCK TABLES `account` WRITE;
/*!40000 ALTER TABLE `account` DISABLE KEYS */;
INSERT INTO `account` VALUES (101,'Jason Sy','123','Lead'),(102,'Ralph Bravante','456','Regular');
/*!40000 ALTER TABLE `account` ENABLE KEYS */;
UNLOCK TABLES;

--
-- Table structure for table `attendance`
--

DROP TABLE IF EXISTS `attendance`;
/*!40101 SET @saved_cs_client     = @@character_set_client */;
/*!40101 SET character_set_client = utf8 */;
CREATE TABLE `attendance` (
  `attendanceid` int(11) NOT NULL AUTO_INCREMENT,
  `absent_date` varchar(45) NOT NULL,
  `courseoffering_id` int(11) NOT NULL,
  `remarks_cd` varchar(2) NOT NULL,
  `enc_date` varchar(45) NOT NULL,
  `encoder` varchar(45) NOT NULL,
  `checker` varchar(45) NOT NULL,
  `status` varchar(1) NOT NULL,
  PRIMARY KEY (`attendanceid`)
) ENGINE=InnoDB AUTO_INCREMENT=4 DEFAULT CHARSET=utf8;
/*!40101 SET character_set_client = @saved_cs_client */;

--
-- Dumping data for table `attendance`
--

LOCK TABLES `attendance` WRITE;
/*!40000 ALTER TABLE `attendance` DISABLE KEYS */;
INSERT INTO `attendance` VALUES (1,'',1,'34','Sunday, October 23, 2016','a','Jason','A'),(2,'',2,'34','Sunday, October 23, 2016','a','Jason','A'),(3,'',3,'ds','Tuesday, October 25, 2016','a','ged','A');
/*!40000 ALTER TABLE `attendance` ENABLE KEYS */;
UNLOCK TABLES;

--
-- Table structure for table `college`
--

DROP TABLE IF EXISTS `college`;
/*!40101 SET @saved_cs_client     = @@character_set_client */;
/*!40101 SET character_set_client = utf8 */;
CREATE TABLE `college` (
  `college_code` varchar(3) NOT NULL,
  `college_name` varchar(45) NOT NULL,
  PRIMARY KEY (`college_code`)
) ENGINE=InnoDB DEFAULT CHARSET=utf8;
/*!40101 SET character_set_client = @saved_cs_client */;

--
-- Dumping data for table `college`
--

LOCK TABLES `college` WRITE;
/*!40000 ALTER TABLE `college` DISABLE KEYS */;
INSERT INTO `college` VALUES ('CCS','College of Computer Studies'),('CED','College of Education'),('CLA','Colelge of Liberal Arts'),('COB','College of Business'),('COE','College of Engineering'),('COS','College of Science'),('SOE','School of Economics'),('STC','Science and Technology Complex');
/*!40000 ALTER TABLE `college` ENABLE KEYS */;
UNLOCK TABLES;

--
-- Table structure for table `course`
--

DROP TABLE IF EXISTS `course`;
/*!40101 SET @saved_cs_client     = @@character_set_client */;
/*!40101 SET character_set_client = utf8 */;
CREATE TABLE `course` (
  `course_id` int(11) NOT NULL AUTO_INCREMENT,
  `course_cd` varchar(7) NOT NULL,
  `course_name` varchar(45) NOT NULL,
  `units` int(11) NOT NULL,
  `offered_to` varchar(1) NOT NULL,
  PRIMARY KEY (`course_id`)
) ENGINE=InnoDB DEFAULT CHARSET=utf8;
/*!40101 SET character_set_client = @saved_cs_client */;

--
-- Dumping data for table `course`
--

LOCK TABLES `course` WRITE;
/*!40000 ALTER TABLE `course` DISABLE KEYS */;
/*!40000 ALTER TABLE `course` ENABLE KEYS */;
UNLOCK TABLES;

--
-- Table structure for table `courseoffering`
--

DROP TABLE IF EXISTS `courseoffering`;
/*!40101 SET @saved_cs_client     = @@character_set_client */;
/*!40101 SET character_set_client = utf8 */;
CREATE TABLE `courseoffering` (
  `courseoffering_id` int(11) NOT NULL AUTO_INCREMENT,
  `course_id` int(11) DEFAULT NULL,
  `termid` int(11) NOT NULL,
  `facref_no` varchar(45) NOT NULL,
  `section` varchar(45) NOT NULL,
  `room` varchar(45) NOT NULL,
  `daysched` varchar(2) NOT NULL,
  `timestart` varchar(45) NOT NULL,
  `timeend` varchar(45) NOT NULL,
  `status` varchar(45) NOT NULL,
  PRIMARY KEY (`courseoffering_id`)
) ENGINE=InnoDB DEFAULT CHARSET=utf8;
/*!40101 SET character_set_client = @saved_cs_client */;

--
-- Dumping data for table `courseoffering`
--

LOCK TABLES `courseoffering` WRITE;
/*!40000 ALTER TABLE `courseoffering` DISABLE KEYS */;
/*!40000 ALTER TABLE `courseoffering` ENABLE KEYS */;
UNLOCK TABLES;

--
-- Table structure for table `department`
--

DROP TABLE IF EXISTS `department`;
/*!40101 SET @saved_cs_client     = @@character_set_client */;
/*!40101 SET character_set_client = utf8 */;
CREATE TABLE `department` (
  `departmentid` int(11) NOT NULL,
  `departmentname` varchar(45) NOT NULL,
  `college_code` varchar(3) NOT NULL,
  PRIMARY KEY (`departmentid`)
) ENGINE=InnoDB DEFAULT CHARSET=utf8;
/*!40101 SET character_set_client = @saved_cs_client */;

--
-- Dumping data for table `department`
--

LOCK TABLES `department` WRITE;
/*!40000 ALTER TABLE `department` DISABLE KEYS */;
INSERT INTO `department` VALUES (1001,'Physics Department','COS'),(1002,'Software Technology','CCS'),(1003,'Information Technology Department','CCS'),(1004,'History Department','CED'),(1005,'Filipino Department','CED'),(1006,'Accountancy Department','COB');
/*!40000 ALTER TABLE `department` ENABLE KEYS */;
UNLOCK TABLES;

--
-- Table structure for table `faculty`
--

DROP TABLE IF EXISTS `faculty`;
/*!40101 SET @saved_cs_client     = @@character_set_client */;
/*!40101 SET character_set_client = utf8 */;
CREATE TABLE `faculty` (
  `facref_no` int(11) NOT NULL AUTO_INCREMENT,
  `facultyid` varchar(45) NOT NULL,
  `f_firstname` varchar(45) NOT NULL,
  `f_middlename` varchar(45) NOT NULL,
  `f_lastname` varchar(45) NOT NULL,
  `email` varchar(45) DEFAULT NULL,
  `mobilenumber` int(11) DEFAULT NULL,
  `departmentid` int(11) NOT NULL,
  `status` varchar(1) NOT NULL,
  PRIMARY KEY (`facref_no`)
) ENGINE=InnoDB AUTO_INCREMENT=5 DEFAULT CHARSET=utf8;
/*!40101 SET character_set_client = @saved_cs_client */;

--
-- Dumping data for table `faculty`
--

LOCK TABLES `faculty` WRITE;
/*!40000 ALTER TABLE `faculty` DISABLE KEYS */;
INSERT INTO `faculty` VALUES (1,'112131141','Kevin','A.','Dumalay','kevin_dumalay@dlsu.edu.ph',1091239123,1001,''),(2,'11292828','Star','R.','Yu','star_yu@dlsu.edu.ph',918374719,1002,''),(3,'121411141','Kyle','B. ','Chua','kyle_chua@dlsu.edu.ph',1217418711,1004,''),(4,'21312441','Ted','C.','Lim','ted_lim@dlsu.edu.ph',1238128391,1003,'');
/*!40000 ALTER TABLE `faculty` ENABLE KEYS */;
UNLOCK TABLES;

--
-- Table structure for table `makeup`
--

DROP TABLE IF EXISTS `makeup`;
/*!40101 SET @saved_cs_client     = @@character_set_client */;
/*!40101 SET character_set_client = utf8 */;
CREATE TABLE `makeup` (
  `makeupid` int(11) NOT NULL,
  `courseoffering_id` int(11) NOT NULL,
  `absent_date` varchar(45) NOT NULL,
  `timestart` varchar(45) NOT NULL,
  `timeend` varchar(45) NOT NULL,
  `room` varchar(45) NOT NULL,
  `reason_cd` varchar(2) NOT NULL,
  `makeup_date` varchar(45) NOT NULL,
  `date_encoded` varchar(45) NOT NULL,
  `encoder` varchar(45) NOT NULL,
  `status` varchar(1) NOT NULL,
  PRIMARY KEY (`makeupid`)
) ENGINE=InnoDB DEFAULT CHARSET=utf8;
/*!40101 SET character_set_client = @saved_cs_client */;

--
-- Dumping data for table `makeup`
--

LOCK TABLES `makeup` WRITE;
/*!40000 ALTER TABLE `makeup` DISABLE KEYS */;
INSERT INTO `makeup` VALUES (401,112131141,'9/11/2016','11:00','12:30','Y405','no','9/13/2016','9/11/2016','Ralph Bravante','');
/*!40000 ALTER TABLE `makeup` ENABLE KEYS */;
UNLOCK TABLES;

--
-- Table structure for table `reason`
--

DROP TABLE IF EXISTS `reason`;
/*!40101 SET @saved_cs_client     = @@character_set_client */;
/*!40101 SET character_set_client = utf8 */;
CREATE TABLE `reason` (
  `reason_cd` varchar(2) NOT NULL,
  `reason_desc` varchar(45) NOT NULL,
  PRIMARY KEY (`reason_cd`)
) ENGINE=InnoDB DEFAULT CHARSET=utf8;
/*!40101 SET character_set_client = @saved_cs_client */;

--
-- Dumping data for table `reason`
--

LOCK TABLES `reason` WRITE;
/*!40000 ALTER TABLE `reason` DISABLE KEYS */;
/*!40000 ALTER TABLE `reason` ENABLE KEYS */;
UNLOCK TABLES;

--
-- Table structure for table `remarks`
--

DROP TABLE IF EXISTS `remarks`;
/*!40101 SET @saved_cs_client     = @@character_set_client */;
/*!40101 SET character_set_client = utf8 */;
CREATE TABLE `remarks` (
  `remark_cd` varchar(2) NOT NULL,
  `remark_des` varchar(45) NOT NULL,
  PRIMARY KEY (`remark_cd`)
) ENGINE=InnoDB DEFAULT CHARSET=utf8;
/*!40101 SET character_set_client = @saved_cs_client */;

--
-- Dumping data for table `remarks`
--

LOCK TABLES `remarks` WRITE;
/*!40000 ALTER TABLE `remarks` DISABLE KEYS */;
/*!40000 ALTER TABLE `remarks` ENABLE KEYS */;
UNLOCK TABLES;

--
-- Table structure for table `term`
--

DROP TABLE IF EXISTS `term`;
/*!40101 SET @saved_cs_client     = @@character_set_client */;
/*!40101 SET character_set_client = utf8 */;
CREATE TABLE `term` (
  `termid` int(11) NOT NULL AUTO_INCREMENT,
  `yearid` int(11) NOT NULL,
  `term_no` int(1) NOT NULL,
  `start` varchar(45) NOT NULL,
  `end` varchar(45) NOT NULL,
  `status` varchar(1) NOT NULL,
  PRIMARY KEY (`termid`)
) ENGINE=InnoDB AUTO_INCREMENT=10002 DEFAULT CHARSET=utf8;
/*!40101 SET character_set_client = @saved_cs_client */;

--
-- Dumping data for table `term`
--

LOCK TABLES `term` WRITE;
/*!40000 ALTER TABLE `term` DISABLE KEYS */;
INSERT INTO `term` VALUES (10001,1000001,2,'07/1/2016','10/14/2016','F');
/*!40000 ALTER TABLE `term` ENABLE KEYS */;
UNLOCK TABLES;
/*!40103 SET TIME_ZONE=@OLD_TIME_ZONE */;

/*!40101 SET SQL_MODE=@OLD_SQL_MODE */;
/*!40014 SET FOREIGN_KEY_CHECKS=@OLD_FOREIGN_KEY_CHECKS */;
/*!40014 SET UNIQUE_CHECKS=@OLD_UNIQUE_CHECKS */;
/*!40101 SET CHARACTER_SET_CLIENT=@OLD_CHARACTER_SET_CLIENT */;
/*!40101 SET CHARACTER_SET_RESULTS=@OLD_CHARACTER_SET_RESULTS */;
/*!40101 SET COLLATION_CONNECTION=@OLD_COLLATION_CONNECTION */;
/*!40111 SET SQL_NOTES=@OLD_SQL_NOTES */;

-- Dump completed on 2016-11-13 22:08:37
